"sex","Walc","Dalc","age","studytime","failures","schoolsup","famsup","higher","internet"
M,5,5,16,2,0,no,yes,yes,yes
F,5,5,16,1,0,yes,yes,yes,yes
M,5,5,15,4,0,no,yes,yes,yes
M,5,3,16,2,0,no,yes,yes,no
M,5,5,16,1,0,yes,yes,yes,yes
M,5,3,15,4,0,no,yes,yes,yes
M,5,3,16,1,1,no,no,yes,no
M,5,4,17,2,0,no,no,yes,yes
M,5,3,16,1,0,no,yes,yes,yes
M,5,4,17,2,0,no,yes,yes,yes
M,5,5,18,2,0,no,yes,yes,yes
M,5,4,18,2,0,yes,yes,yes,yes
M,5,5,17,2,0,no,no,yes,yes
M,5,3,18,2,1,no,no,no,yes
M,5,5,22,1,3,no,no,no,yes
M,5,3,17,1,0,no,no,yes,yes
M,5,5,17,1,0,no,yes,yes,yes
M,5,5,18,1,1,no,yes,yes,yes
M,5,4,20,2,2,no,yes,yes,no
M,4,3,15,2,0,no,yes,yes,yes
M,4,3,15,1,1,no,no,yes,no
F,4,4,15,1,0,no,no,yes,yes
M,4,4,16,2,1,no,yes,yes,yes
M,4,4,17,2,0,no,no,yes,yes
M,4,3,16,1,0,no,yes,yes,yes
M,4,3,16,1,0,no,yes,yes,yes
F,4,3,17,3,1,no,yes,yes,yes
M,4,3,18,2,0,no,yes,yes,yes
M,4,3,17,2,0,no,no,yes,yes
M,4,3,17,1,1,no,no,yes,yes
F,4,3,18,2,0,no,no,yes,yes
M,4,3,17,1,0,no,no,yes,yes
M,4,3,18,1,0,no,no,yes,yes
F,3,3,16,1,0,no,no,yes,yes
M,3,3,17,1,0,no,no,yes,no
F,3,3,19,2,2,no,yes,yes,yes
F,3,3,18,2,0,no,yes,yes,yes
M,3,3,19,2,3,no,no,yes,yes
M,3,3,19,1,1,no,yes,yes,yes
M,3,4,18,1,1,no,no,yes,no
M,3,3,21,1,3,no,no,yes,no
M,3,3,19,1,0,no,no,yes,yes
